{
    "fr_timebank": {
        "HeidelTime": {
            "strict": {
                "micro": {
                    "recall": 0.84375,
                    "precision": 0.9,
                    "f1": 0.870967741935484
                },
                "macro": {
                    "recall": 0.8227272727272728,
                    "precision": 0.9356060606060607,
                    "f1": 0.8755434569738749
                }
            },
            "relaxed": {
                "micro": {
                    "recall": 0.90625,
                    "precision": 0.9666666666666667,
                    "f1": 0.9354838709677419
                },
                "macro": {
                    "recall": 0.8643939393939394,
                    "precision": 0.9772727272727273,
                    "f1": 0.9173740697804869
                }
            },
            "time": 48.44438910484314
        },
        "Spacy NER Base": {
            "strict": {
                "micro": {
                    "recall": 0.84375,
                    "precision": 0.84375,
                    "f1": 0.84375
                },
                "macro": {
                    "recall": 0.8219696969696969,
                    "precision": 0.8419913419913421,
                    "f1": 0.8318600640551861
                }
            },
            "relaxed": {
                "micro": {
                    "recall": 0.90625,
                    "precision": 0.90625,
                    "f1": 0.90625
                },
                "macro": {
                    "recall": 0.8712121212121211,
                    "precision": 0.8988095238095238,
                    "f1": 0.8847956792010598
                }
            },
            "time": 0.1432816982269287
        },
        "Spacy NER Compilation": {
            "strict": {
                "micro": {
                    "recall": 0.796875,
                    "precision": 0.85,
                    "f1": 0.8225806451612903
                },
                "macro": {
                    "recall": 0.8177489177489178,
                    "precision": 0.8836580086580086,
                    "f1": 0.8494268702270739
                }
            },
            "relaxed": {
                "micro": {
                    "recall": 0.9047619047619048,
                    "precision": 0.95,
                    "f1": 0.9268292682926829
                },
                "macro": {
                    "recall": 0.9113636363636364,
                    "precision": 0.9621212121212122,
                    "f1": 0.9360548468918869
                }
            },
            "time": 0.16360044479370117
        },
        "Spacy NER Weak Label": {
            "strict": {
                "micro": {
                    "recall": 0.828125,
                    "precision": 0.8153846153846154,
                    "f1": 0.8217054263565892
                },
                "macro": {
                    "recall": 0.8492424242424242,
                    "precision": 0.8165584415584416,
                    "f1": 0.8325797935172935
                }
            },
            "relaxed": {
                "micro": {
                    "recall": 0.90625,
                    "precision": 0.8923076923076924,
                    "f1": 0.8992248062015504
                },
                "macro": {
                    "recall": 0.9075757575757577,
                    "precision": 0.8722943722943722,
                    "f1": 0.889585383200852
                }
            },
            "time": 0.16248226165771484
        },
        "Spark NER Base": {
            "strict": {
                "micro": {
                    "recall": 0.75,
                    "precision": 0.8275862068965517,
                    "f1": 0.7868852459016394
                },
                "macro": {
                    "recall": 0.728030303030303,
                    "precision": 0.8439393939393939,
                    "f1": 0.7817115735669953
                }
            },
            "relaxed": {
                "micro": {
                    "recall": 0.8571428571428571,
                    "precision": 0.9310344827586207,
                    "f1": 0.8925619834710743
                },
                "macro": {
                    "recall": 0.8,
                    "precision": 0.9166666666666667,
                    "f1": 0.854368932038835
                }
            },
            "time": 4.765885829925537
        }
    },
    "ancient_time_french": {
        "HeidelTime": {
            "strict": {
                "micro": {
                    "recall": 0.8333333333333334,
                    "precision": 0.9090909090909091,
                    "f1": 0.8695652173913043
                },
                "macro": {
                    "recall": 0.8333333333333334,
                    "precision": 0.9090909090909091,
                    "f1": 0.8695652173913043
                }
            },
            "relaxed": {
                "micro": {
                    "recall": 0.9166666666666666,
                    "precision": 1.0,
                    "f1": 0.9565217391304348
                },
                "macro": {
                    "recall": 0.9166666666666666,
                    "precision": 1.0,
                    "f1": 0.9565217391304348
                }
            },
            "time": 2.4823575019836426
        },
        "Spacy NER Base": {
            "strict": {
                "micro": {
                    "recall": 0.0,
                    "precision": 0.0,
                    "f1": 0.0
                },
                "macro": {
                    "recall": 0.0,
                    "precision": 0.0,
                    "f1": 0.0
                }
            },
            "relaxed": {
                "micro": {
                    "recall": 0.16666666666666666,
                    "precision": 0.3333333333333333,
                    "f1": 0.2222222222222222
                },
                "macro": {
                    "recall": 0.16666666666666666,
                    "precision": 0.3333333333333333,
                    "f1": 0.2222222222222222
                }
            },
            "time": 0.03399467468261719
        },
        "Spacy NER Compilation": {
            "strict": {
                "micro": {
                    "recall": 0.9166666666666666,
                    "precision": 0.8461538461538461,
                    "f1": 0.8799999999999999
                },
                "macro": {
                    "recall": 0.9166666666666666,
                    "precision": 0.8461538461538461,
                    "f1": 0.8799999999999999
                }
            },
            "relaxed": {
                "micro": {
                    "recall": 1.0,
                    "precision": 0.9230769230769231,
                    "f1": 0.9600000000000001
                },
                "macro": {
                    "recall": 1.0,
                    "precision": 0.9230769230769231,
                    "f1": 0.9600000000000001
                }
            },
            "time": 0.03789687156677246
        },
        "Spacy NER Weak Label": {
            "strict": {
                "micro": {
                    "recall": 0.3333333333333333,
                    "precision": 0.6666666666666666,
                    "f1": 0.4444444444444444
                },
                "macro": {
                    "recall": 0.3333333333333333,
                    "precision": 0.6666666666666666,
                    "f1": 0.4444444444444444
                }
            },
            "relaxed": {
                "micro": {
                    "recall": 0.5,
                    "precision": 1.0,
                    "f1": 0.6666666666666666
                },
                "macro": {
                    "recall": 0.5,
                    "precision": 1.0,