{
    "krauts": {
        "HeidelTime": {
            "strict": {
                "micro": {
                    "recall": 0.7110091743119266,
                    "precision": 0.856353591160221,
                    "f1": 0.7769423558897243
                },
                "macro": {
                    "recall": 0.742830561251614,
                    "precision": 0.8550497056037223,
                    "f1": 0.7949995577098445
                }
            },
            "relaxed": {
                "micro": {
                    "recall": 0.7568807339449541,
                    "precision": 0.9116022099447514,
                    "f1": 0.8270676691729324
                },
                "macro": {
                    "recall": 0.787459178248652,
                    "precision": 0.9152712323072434,
                    "f1": 0.8465682271240945
                }
            },
            "time": 91.24681830406189
        },
        "Spacy NER Base": {
            "strict": {
                "micro": {
                    "recall": 0.8394495412844036,
                    "precision": 0.6931818181818182,
                    "f1": 0.7593360995850621
                },
                "macro": {
                    "recall": 0.8185672514619884,
                    "precision": 0.6495292650838717,
                    "f1": 0.7243166634776516
                }
            },
            "relaxed": {
                "micro": {
                    "recall": 0.9045454545454545,
                    "precision": 0.7537878787878788,
                    "f1": 0.8223140495867769
                },
                "macro": {
                    "recall": 0.8909641528062581,
                    "precision": 0.7211309090539366,
                    "f1": 0.7971016159633479
                }
            },
            "time": 0.5798635482788086
        },
        "Spacy NER Compilation": {
            "strict": {
                "micro": {
                    "recall": 0.7293577981651376,
                    "precision": 0.62109375,
                    "f1": 0.6708860759493671
                },
                "macro": {
                    "recall": 0.7364120528594215,
                    "precision": 0.6183477895365374,
                    "f1": 0.6722354041264801
                }
            },
            "relaxed": {
                "micro": {
                    "recall": 0.8552036199095022,
                    "precision": 0.73828125,
                    "f1": 0.7924528301886792
                },
                "macro": {
                    "recall": 0.8804179008126375,
                    "precision": 0.7693625063180418,
                    "f1": 0.8211523422739087
                }
            },
            "time": 0.5349805355072021
        },
        "Spacy NER Weak Label": {
            "strict": {
                "micro": {
                    "recall": 0.6697247706422018,
                    "precision": 0.7448979591836735,
                    "f1": 0.7053140096618358
                },
                "macro": {
                    "recall": 0.6929084073820917,
                    "precision": 0.7689549485602117,
                    "f1": 0.7289536967865055
                }
            },
            "relaxed": {
                "micro": {
                    "recall": 0.7743362831858407,
                    "precision": 0.8928571428571429,
                    "f1": 0.8293838862559241
                },
                "macro": {
                    "recall": 0.8083247892458421,
                    "precision": 0.9092858895490474,
                    "f1": 0.8558380942876316
                }
            },
            "time": 0.6570143699645996
        },
        "Spark NER Base": {
            "strict": {
                "micro": {
                    "recall": 0.6880733944954128,
                    "precision": 0.5415162454873647,
                    "f1": 0.6060606060606061
                },
                "macro": {
                    "recall": 0.692688159793423,
                    "precision": 0.5673540028466828,
                    "f1": 0.6237876982780775
                }
            },
            "relaxed": {
                "micro": {
                    "recall": 0.8738738738738738,
                    "precision": 0.7003610108303249,
                    "f1": 0.7775551102204408
                },
                "macro": {
                    "recall": 0.889599946836789,
                    "precision": 0.7318923819855432,
                    "f1": 0.8030767861571926
                }
            },
            "time": 22.123554229736328
        }
    },
    "wikiwars_de": {
        "HeidelTime": {
            "strict": {
                "micro": {
                    "recall": 0.8140703517587939,
                    "precision": 0.9418604651162791,
                    "f1": 0.8733153638814015
                },
                "macro": {
                    "recall": 0.7909427142436851,
                    "precision": 0.9172941375364129,
                    "f1": 0.8494455720783947
                }
            },
            "relaxed": {
                "micro": {
                    "recall": 0.8567839195979899,
                    "precision": 0.9912790697674418,
                    "f1": 0.9191374663072776
                },
                "macro": {
                    "recall": 0.8478943386710376,
                    "precision": 0.9819919111527258,
                    "f1": 0.9100296613162038
                }
            },
            "time": 17.094215631484985
        },
        "Spacy NER Base": {
            "strict": {
                "micro": {
                    "recall": 0.4798994974874372,
                    "precision": 0.5305555555555556,
                    "f1": 0.503957783641161
                },
                "macro": {
                    "recall": 0.43984995586937337,
                    "precision": 0.44931034482758614,
                    "f1": 0.4445298225509102
                }
            },
            "relaxed": {
                "micro": {
                    "recall": 0.6987654320987654,
                    "precision": 0.7861111111111111,
                    "f1": 0.7398692810457517
                },
                "macro": {
                    "recall": 0.6705367575561966,
                    "precision": 0.7061366538952745,
                    "f1": 0.6878764104193794
                }
            },
            "time": 0.6973931789398193
        },
        "Spacy NER Compilation": {
            "strict": {
                "micro": {
                    "recall": 0.6080402010050251,
                    "precision": 0.622107969151671,
                    "f1": 0.6149936467598475
                },
                "macro": {
                    "recall": 0.6292733156810827,
                    "precision": 0.5872975575149488,
                    "f1": 0.6075612846754102
                }
            },
            "relaxed": {
                "micro": {
                    "recall": 0.8631840796019901,
                    "precision": 0.8920308483290489,
                    "f1": 0.877370417193426
                },
                "macro": {
                    "recall": 0.8928455835138347,
                    "precision": 0.8641071247592986,
                    "f1": 0.8782413167881802
                }
            },
            "time": 0.6131911277770996
        },
        "Spacy NER Weak Label": {
            "strict": {
                "micro": {
                    "recall": 0.678391959798995,
                    "precision": 0.6733167082294265,
                    "f1": 0.6758448060075095
                },
                "macro": {
                    "recall": 0.7134199134199134,
                    "precision": 0.785062764140744,
                    "f1": 0.747528707017457
                }
            },