{
    "narrative_container": {
        "HeidelTime": {
            "strict": {
                "micro": {
                    "recall": 0.8061224489795918,
                    "precision": 0.8229166666666666,
                    "f1": 0.8144329896907215
                },
                "macro": {
                    "recall": 0.8368530020703934,
                    "precision": 0.8548451548451548,
                    "f1": 0.8457534001713884
                }
            },
            "relaxed": {
                "micro": {
                    "recall": 0.9117647058823529,
                    "precision": 0.96875,
                    "f1": 0.9393939393939394
                },
                "macro": {
                    "recall": 0.9263656633221851,
                    "precision": 0.9631701631701632,
                    "f1": 0.9444094730435413
                }
            },
            "time": 36.03492617607117
        },
        "Spacy NER Base": {
            "strict": {
                "micro": {
                    "recall": 0.46938775510204084,
                    "precision": 0.6052631578947368,
                    "f1": 0.5287356321839081
                },
                "macro": {
                    "recall": 0.5645922917662047,
                    "precision": 0.6663757295336243,
                    "f1": 0.6112759938596755
                }
            },
            "relaxed": {
                "micro": {
                    "recall": 0.66,
                    "precision": 0.868421052631579,
                    "f1": 0.7500000000000001
                },
                "macro": {
                    "recall": 0.746528109571588,
                    "precision": 0.9138335348861666,
                    "f1": 0.8217516027774626
                }
            },
            "time": 0.41285085678100586
        },
        "Spacy NER Compilation": {
            "strict": {
                "micro": {
                    "recall": 0.826530612244898,
                    "precision": 0.7714285714285715,
                    "f1": 0.7980295566502463
                },
                "macro": {
                    "recall": 0.8310399745182354,
                    "precision": 0.7965506715506716,
                    "f1": 0.8134299019065854
                }
            },
            "relaxed": {
                "micro": {
                    "recall": 0.9285714285714286,
                    "precision": 0.8666666666666667,
                    "f1": 0.896551724137931
                },
                "macro": {
                    "recall": 0.9149267399267399,
                    "precision": 0.8771062271062272,
                    "f1": 0.8956173861738785
                }
            },
            "time": 0.2244248390197754
        },
        "Spacy NER Weak Label": {
            "strict": {
                "micro": {
                    "recall": 0.8469387755102041,
                    "precision": 0.8645833333333334,
                    "f1": 0.8556701030927835
                },
                "macro": {
                    "recall": 0.8674430641821947,
                    "precision": 0.889720786459917,
                    "f1": 0.8784407043103626
                }
            },
            "relaxed": {
                "micro": {
                    "recall": 0.9405940594059405,
                    "precision": 0.9895833333333334,
                    "f1": 0.964467005076142
                },
                "macro": {
                    "recall": 0.9363991081382387,
                    "precision": 0.9743589743589745,
                    "f1": 0.9550019784857442
                }
            },
            "time": 0.21894550323486328
        },
        "Spark NER Base": {
            "strict": {
                "micro": {
                    "recall": 0.7472527472527473,
                    "precision": 0.5528455284552846,
                    "f1": 0.6355140186915889
                },
                "macro": {
                    "recall": 0.7837246087246087,
                    "precision": 0.6349979080748311,
                    "f1": 0.7015656425466391
                }
            },
            "relaxed": {
                "micro": {
                    "recall": 0.967741935483871,
                    "precision": 0.7317073170731707,
                    "f1": 0.8333333333333334
                },
                "macro": {
                    "recall": 0.9764957264957267,
                    "precision": 0.7972326818480664,
                    "f1": 0.8778055345849457
                }
            },
            "time": 5.278532028198242
        }
    },
    "ancient_time_italian": {
        "HeidelTime": {
            "strict": {
                "micro": {
                    "recall": 0.25,
                    "precision": 0.6666666666666666,
                    "f1": 0.36363636363636365
                },
                "macro": {
                    "recall": 0.25,
                    "precision": 0.6666666666666666,
                    "f1": 0.36363636363636365
                }
            },
            "relaxed": {
                "micro": {
                    "recall": 0.375,
                    "precision": 1.0,
                    "f1": 0.5454545454545454
                },
                "macro": {
                    "recall": 0.375,
                    "precision": 1.0,
                    "f1": 0.5454545454545454
                }
            },
            "time": 3.238970994949341
        },
        "Spacy NER Base": {
            "strict": {
                "micro": {
                    "recall": 0.25,
                    "precision": 0.6666666666666666,
                    "f1": 0.36363636363636365
                },
                "macro": {
                    "recall": 0.25,
                    "precision": 0.6666666666666666,
                    "f1": 0.36363636363636365
                }
            },
            "relaxed": {
                "micro": {
                    "recall": 0.375,
                    "precision": 1.0,
                    "f1": 0.5454545454545454
                },
                "macro": {
                    "recall": 0.375,
                    "precision": 1.0,
                    "f1": 0.5454545454545454
                }
            },
            "time": 0.06821632385253906
        },
        "Spacy NER Compilation": {
            "strict": {
                "micro": {
                    "recall": 0.875,
                    "precision": 0.7777777777777778,
                    "f1": 0.823529411764706
                },
                "macro": {
                    "recall": 0.875,
                    "precision": 0.7777777777777778,
                    "f1": 0.823529411764706
                }
            },
            "relaxed": {
                "micro": {
                    "recall": 0.875,
                    "precision": 0.7777777777777778,
                    "f1": 0.823529411764706
                },
                "macro": {
                    "recall": 0.875,
                    "precision": 0.7777777777777778,
                    "f1": 0.823529411764706
                }
            },
            "time": 0.037748098373413086
        },
        "Spacy NER Weak Label": {
            "strict": {
                "micro": {
                    "recall": 0.375,
                    "precision": 0.6,
                    "f1": 0.4615384615384615
                },
                "macro": {
                    "recall": 0.375,
                    "precision": 0.6,
                    "f1": 0.4615384615384615
                }
            },
            "relaxed": {
                "micro": {
                    "recall": 0.5,
                    "precision": 0.8,
                    "f1": 0.6153846153846154
                },
                "macro": {
                    "recall": 0.5,
                    "precision": 0.8,