{
    "timebankpt": {
        "HeidelTime": {
            "strict": {
                "micro": {
                    "recall": 0.6689655172413793,
                    "precision": 0.782258064516129,
                    "f1": 0.7211895910780669
                },
                "macro": {
                    "recall": 0.6896148459383753,
                    "precision": 0.7954432332373508,
                    "f1": 0.7387582619612675
                }
            },
            "relaxed": {
                "micro": {
                    "recall": 0.7586206896551724,
                    "precision": 0.8870967741935484,
                    "f1": 0.8178438661710038
                },
                "macro": {
                    "recall": 0.789936974789916,
                    "precision": 0.9407139265962794,
                    "f1": 0.8587574914420988
                }
            },
            "time": 54.24737095832825
        },
        "Spacy NER Base": {
            "strict": {
                "micro": {
                    "recall": 0.8758620689655172,
                    "precision": 0.7987421383647799,
                    "f1": 0.8355263157894737
                },
                "macro": {
                    "recall": 0.868249299719888,
                    "precision": 0.8467940663567599,
                    "f1": 0.8573874802980984
                }
            },
            "relaxed": {
                "micro": {
                    "recall": 0.9097222222222222,
                    "precision": 0.8238993710691824,
                    "f1": 0.8646864686468646
                },
                "macro": {
                    "recall": 0.8945371785077668,
                    "precision": 0.8749758845385781,
                    "f1": 0.8846484101903211
                }
            },
            "time": 0.6792535781860352
        },
        "Spacy NER Weak Label": {
            "strict": {
                "micro": {
                    "recall": 0.7103448275862069,
                    "precision": 0.8512396694214877,
                    "f1": 0.774436090225564
                },
                "macro": {
                    "recall": 0.7240686274509804,
                    "precision": 0.8492618778280543,
                    "f1": 0.7816843062053805
                }
            },
            "relaxed": {
                "micro": {
                    "recall": 0.7517241379310344,
                    "precision": 0.9008264462809917,
                    "f1": 0.8195488721804511
                },
                "macro": {
                    "recall": 0.7787114845938375,
                    "precision": 0.9384530542986426,
                    "f1": 0.8511521809154656
                }
            },
            "time": 0.3799419403076172
        },
        "Spark NER Base": {
            "strict": {
                "micro": {
                    "recall": 0.8413793103448276,
                    "precision": 0.7770700636942676,
                    "f1": 0.8079470198675496
                },
                "macro": {
                    "recall": 0.8667016806722689,
                    "precision": 0.8058105177554893,
                    "f1": 0.8351476667238671
                }
            },
            "relaxed": {
                "micro": {
                    "recall": 0.9305555555555556,
                    "precision": 0.8535031847133758,
                    "f1": 0.8903654485049834
                },
                "macro": {
                    "recall": 0.9397752737458619,
                    "precision": 0.8779904972741785,
                    "f1": 0.9078328716236014
                }
            },
            "time": 13.370786905288696
        }
    },
    "ph_portuguese": {
        "Spacy NER Base": {
            "strict": {
                "micro": {
                    "recall": 0.5506780050563089,
                    "precision": 0.502121863048148,
                    "f1": 0.5252802060782111
                },
                "macro": {
                    "recall": 0.5631132123796073,
                    "precision": 0.5398755445956255,
                    "f1": 0.551249593941707
                }
            },
            "relaxed": {
                "micro": {
                    "recall": 0.7667231407372788,
                    "precision": 0.6875884109603395,
                    "f1": 0.725002762125732
                },
                "macro": {
                    "recall": 0.769827921128509,
                    "precision": 0.7199713105080048,
                    "f1": 0.7440653820605196
                }
            },
            "time": 78.34697413444519
        },
        "Spacy NER Weak Label": {
            "strict": {
                "micro": {
                    "recall": 0.9663870374626523,
                    "precision": 0.9890038809831824,
                    "f1": 0.9775646614356291
                },
                "macro": {
                    "recall": 0.9705442354957685,
                    "precision": 0.9896780552763095,
                    "f1": 0.9800177623393516
                }
            },
            "relaxed": {
                "micro": {
                    "recall": 0.974143874971271,
                    "precision": 0.9969422556744678,
                    "f1": 0.9854112176692821
                },
                "macro": {
                    "recall": 0.9778672793541069,
                    "precision": 0.9972174231367297,
                    "f1": 0.9874475633955768
                }
            },
            "time": 41.10236644744873
        },
        "Spark NER Base": {
            "strict": {
                "micro": {
                    "recall": 0.507067340841186,
                    "precision": 0.5052095259903824,
                    "f1": 0.5061367286074788
                },
                "macro": {
                    "recall": 0.5272641311835753,
                    "precision": 0.5556073380393136,
                    "f1": 0.541064805374827
                }
            },
            "relaxed": {
                "micro": {
                    "recall": 0.7361779551590563,
                    "precision": 0.7180558735974353,
                    "f1": 0.7270039993044687
                },
                "macro": {
                    "recall": 0.744138385552229,
                    "precision": 0.7591529163069531,
                    "f1": 0.7515706700747475
                }
            },
            "time": 1745.3280055522919
        }
    }
}