{
    "spanish_timebank": {
        "HeidelTime": {
            "strict": {
                "micro": {
                    "recall": 0.8080808080808081,
                    "precision": 0.9090909090909091,
                    "f1": 0.8556149732620321
                },
                "macro": {
                    "recall": 0.8374190888476603,
                    "precision": 0.9338669267240696,
                    "f1": 0.8830171796165979
                }
            },
            "relaxed": {
                "micro": {
                    "recall": 0.8391959798994975,
                    "precision": 0.9488636363636364,
                    "f1": 0.8906666666666666
                },
                "macro": {
                    "recall": 0.8674984539270255,
                    "precision": 0.9692977657263372,
                    "f1": 0.9155771382425909
                }
            },
            "time": 73.97334432601929
        },
        "Spacy NER Base": {
            "strict": {
                "micro": {
                    "recall": 0.7676767676767676,
                    "precision": 0.7638190954773869,
                    "f1": 0.765743073047859
                },
                "macro": {
                    "recall": 0.8167336631622345,
                    "precision": 0.8037219130076274,
                    "f1": 0.8101755479480905
                }
            },
            "relaxed": {
                "micro": {
                    "recall": 0.8775510204081632,
                    "precision": 0.864321608040201,
                    "f1": 0.870886075949367
                },
                "macro": {
                    "recall": 0.8953246753246754,
                    "precision": 0.8770964749536179,
                    "f1": 0.8861168425382027
                }
            },
            "time": 0.4954960346221924
        },
        "Spacy NER Compilation": {
            "strict": {
                "micro": {
                    "recall": 0.7171717171717171,
                    "precision": 0.6698113207547169,
                    "f1": 0.6926829268292682
                },
                "macro": {
                    "recall": 0.7589198103483816,
                    "precision": 0.7111589652583442,
                    "f1": 0.7342635455962766
                }
            },
            "relaxed": {
                "micro": {
                    "recall": 0.8883248730964467,
                    "precision": 0.8254716981132075,
                    "f1": 0.8557457212713937
                },
                "macro": {
                    "recall": 0.9303535353535354,
                    "precision": 0.8654636391903473,
                    "f1": 0.8967362244379745
                }
            },
            "time": 0.7490229606628418
        },
        "Spacy NER Weak Label": {
            "strict": {
                "micro": {
                    "recall": 0.8080808080808081,
                    "precision": 0.9090909090909091,
                    "f1": 0.8556149732620321
                },
                "macro": {
                    "recall": 0.8355143269428984,
                    "precision": 0.933640169354455,
                    "f1": 0.8818559818689004
                }
            },
            "relaxed": {
                "micro": {
                    "recall": 0.8391959798994975,
                    "precision": 0.9488636363636364,
                    "f1": 0.8906666666666666
                },
                "macro": {
                    "recall": 0.8655936920222634,
                    "precision": 0.968390736247879,
                    "f1": 0.9141112648372927
                }
            },
            "time": 0.4258415699005127
        },
        "Spark NER Base": {
            "strict": {
                "micro": {
                    "recall": 0.8484848484848485,
                    "precision": 0.7850467289719626,
                    "f1": 0.8155339805825242
                },
                "macro": {
                    "recall": 0.8680972995258709,
                    "precision": 0.831257289983998,
                    "f1": 0.8492779707081982
                }
            },
            "relaxed": {
                "micro": {
                    "recall": 0.9533678756476683,
                    "precision": 0.8598130841121495,
                    "f1": 0.9041769041769041
                },
                "macro": {
                    "recall": 0.9634343434343435,
                    "precision": 0.91245417453492,
                    "f1": 0.9372515265551408
                }
            },
            "time": 14.413576126098633
        }
    },
    "traint3": {
        "HeidelTime": {
            "strict": {
                "micro": {
                    "recall": 0.7767441860465116,
                    "precision": 0.8789473684210526,
                    "f1": 0.8246913580246913
                },
                "macro": {
                    "recall": 0.7921980021358903,
                    "precision": 0.8808699237270666,
                    "f1": 0.834184174988883
                }
            },
            "relaxed": {
                "micro": {
                    "recall": 0.8302752293577982,
                    "precision": 0.9526315789473684,
                    "f1": 0.8872549019607844
                },
                "macro": {
                    "recall": 0.8258510020000703,
                    "precision": 0.9248237476808904,
                    "f1": 0.8725397094290767
                }
            },
            "time": 76.87267780303955
        },
        "Spacy NER Base": {
            "strict": {
                "micro": {
                    "recall": 0.9255813953488372,
                    "precision": 0.8844444444444445,
                    "f1": 0.9045454545454547
                },
                "macro": {
                    "recall": 0.9468099360956505,
                    "precision": 0.9038981653267368,
                    "f1": 0.9248565600293545
                }
            },
            "relaxed": {
                "micro": {
                    "recall": 0.9672897196261683,
                    "precision": 0.92,
                    "f1": 0.9430523917995445
                },
                "macro": {
                    "recall": 0.974263038548753,
                    "precision": 0.928082869511441,
                    "f1": 0.9506124334635484
                }
            },
            "time": 0.5509488582611084
        },
        "Spacy NER Compilation": {
            "strict": {
                "micro": {
                    "recall": 0.7813953488372093,
                    "precision": 0.721030042918455,
                    "f1": 0.75
                },
                "macro": {
                    "recall": 0.8303105383229606,
                    "precision": 0.7637313955885388,
                    "f1": 0.7956305448617796
                }
            },
            "relaxed": {
                "micro": {
                    "recall": 0.9768518518518519,
                    "precision": 0.9055793991416309,
                    "f1": 0.9398663697104677
                },
                "macro": {
                    "recall": 0.9815192743764172,
                    "precision": 0.8907495361781077,
                    "f1": 0.9339340947966992
                }
            },
            "time": 0.8411686420440674
        },
        "Spacy NER Weak Label": {
            "strict": {
                "micro": {
                    "recall": 0.7953488372093023,
                    "precision": 0.890625,
                    "f1": 0.8402948402948403
                },
                "macro": {
                    "recall": 0.808269456561382,
                    "precision": 0.8817433360290504,
                    "f1": 0.8434092453778688
                }
            },